Workbook

Sheet Tickets
A1: ticket_id | B1: created_at | C1: closed_at | D1: outlet_id | E1: cms_id | F1: Same Day | G1: Same Hour | I1: Count of Same Day | J1: Column Labels
A2: t1 | B2: 44427.427 | C2: 44427.521 | D2: o1 | E2: cmA91 | F2: =IF(INT(B2)=INT(C2),"Yes","No") -> Yes | G2: =IF(AND(INT(B2)=INT(C2), HOUR(B2)=HOUR(C2)),"Yes","No") -> No | I2: Row Labels | J2: Yes | K2: Grand Total
A3: t2 | B3: 44427.375 | C3: 44428.458 | D3: o1 | E3: cmX12 | F3: =IF(INT(B3)=INT(C3),"Yes","No") -> No | G3: =IF(AND(INT(B3)=INT(C3), HOUR(B3)=HOUR(C3)),"Yes","No") -> No | I3: o1 | J3: 4 | K3: 4
A4: t3 | B4: 44428.59 | C4: 44428.615 | D4: o2 | E4: cmB77 | F4: =IF(INT(B4)=INT(C4),"Yes","No") -> Yes | G4: =IF(AND(INT(B4)=INT(C4), HOUR(B4)=HOUR(C4)),"Yes","No") -> Yes | I4: o2 | J4: 3 | K4: 3
A5: t4 | B5: 44428.681 | C5: 44429.417 | D5: o2 | E5: cmZ45 | F5: =IF(INT(B5)=INT(C5),"Yes","No") -> No | G5: =IF(AND(INT(B5)=INT(C5), HOUR(B5)=HOUR(C5)),"Yes","No") -> No | I5: o3 | J5: 4 | K5: 4
A6: t5 | B6: 44429.462 | C6: 44429.493 | D6: o3 | E6: cmK33 | F6: =IF(INT(B6)=INT(C6),"Yes","No") -> Yes | G6: =IF(AND(INT(B6)=INT(C6), HOUR(B6)=HOUR(C6)),"Yes","No") -> Yes | I6: Grand Total | J6: 11 | K6: 11
A7: t6 | B7: 44429.354 | C7: 44429.403 | D7: o3 | E7: cmL90 | F7: =IF(INT(B7)=INT(C7),"Yes","No") -> Yes | G7: =IF(AND(INT(B7)=INT(C7), HOUR(B7)=HOUR(C7)),"Yes","No") -> No
A8: t7 | B8: 44430.542 | C8: 44430.625 | D8: o1 | E8: cmQ21 | F8: =IF(INT(B8)=INT(C8),"Yes","No") -> Yes | G8: =IF(AND(INT(B8)=INT(C8), HOUR(B8)=HOUR(C8)),"Yes","No") -> No
A9: t8 | B9: 44430.726 | C9: 44431.424 | D9: o2 | E9: cmN56 | F9: =IF(INT(B9)=INT(C9),"Yes","No") -> No | G9: =IF(AND(INT(B9)=INT(C9), HOUR(B9)=HOUR(C9)),"Yes","No") -> No | I9: Count of Same Hour | J9: Column Labels
A10: t9 | B10: 44431.424 | C10: 44431.451 | D10: o3 | E10: cmP88 | F10: =IF(INT(B10)=INT(C10),"Yes","No") -> Yes | G10: =IF(AND(INT(B10)=INT(C10), HOUR(B10)=HOUR(C10)),"Yes","No") -> Yes | I10: Row Labels | J10: Yes | K10: Grand Total
A11: t10 | B11: 44431.75 | C11: 44432.375 | D11: o1 | E11: cmR66 | F11: =IF(INT(B11)=INT(C11),"Yes","No") -> No | G11: =IF(AND(INT(B11)=INT(C11), HOUR(B11)=HOUR(C11)),"Yes","No") -> No | I11: o1 | J11: 1 | K11: 1
A12: t11 | B12: 44432.323 | C12: 44432.34 | D12: o2 | E12: cmH11 | F12: =IF(INT(B12)=INT(C12),"Yes","No") -> Yes | G12: =IF(AND(INT(B12)=INT(C12), HOUR(B12)=HOUR(C12)),"Yes","No") -> No | I12: o2 | J12: 2 | K12: 2
A13: t12 | B13: 44432.639 | C13: 44433.396 | D13: o3 | E13: cmD54 | F13: =IF(INT(B13)=INT(C13),"Yes","No") -> No | G13: =IF(AND(INT(B13)=INT(C13), HOUR(B13)=HOUR(C13)),"Yes","No") -> No | I13: o3 | J13: 3 | K13: 3
A14: t13 | B14: 44433.382 | C14: 44433.417 | D14: o1 | E14: cmT77 | F14: =IF(INT(B14)=INT(C14),"Yes","No") -> Yes | G14: =IF(AND(INT(B14)=INT(C14), HOUR(B14)=HOUR(C14)),"Yes","No") -> No | I14: Grand Total | J14: 6 | K14: 6
A15: t14 | B15: 44433.49 | C15: 44434.507 | D15: o2 | E15: cmU88 | F15: =IF(INT(B15)=INT(C15),"Yes","No") -> No | G15: =IF(AND(INT(B15)=INT(C15), HOUR(B15)=HOUR(C15)),"Yes","No") -> No
A16: t15 | B16: 44434.583 | C16: 44434.618 | D16: o3 | E16: cmV22 | F16: =IF(INT(B16)=INT(C16),"Yes","No") -> Yes | G16: =IF(AND(INT(B16)=INT(C16), HOUR(B16)=HOUR(C16)),"Yes","No") -> Yes
A17: t16 | B17: 44434.688 | C17: 44435.389 | D17: o1 | E17: cmW11 | F17: =IF(INT(B17)=INT(C17),"Yes","No") -> No | G17: =IF(AND(INT(B17)=INT(C17), HOUR(B17)=HOUR(C17)),"Yes","No") -> No
A18: t17 | B18: 44435.344 | C18: 44435.372 | D18: o2 | E18: cmY33 | F18: =IF(INT(B18)=INT(C18),"Yes","No") -> Yes | G18: =IF(AND(INT(B18)=INT(C18), HOUR(B18)=HOUR(C18)),"Yes","No") -> Yes
A19: t18 | B19: 44435.736 | C19: 44436.438 | D19: o3 | E19: cmE44 | F19: =IF(INT(B19)=INT(C19),"Yes","No") -> No | G19: =IF(AND(INT(B19)=INT(C19), HOUR(B19)=HOUR(C19)),"Yes","No") -> No
A20: t19 | B20: 44436.507 | C20: 44436.531 | D20: o1 | E20: cmF55 | F20: =IF(INT(B20)=INT(C20),"Yes","No") -> Yes | G20: =IF(AND(INT(B20)=INT(C20), HOUR(B20)=HOUR(C20)),"Yes","No") -> Yes
A21: t20 | B21: 44436.792 | C21: 44437.385 | D21: o2 | E21: cmG66 | F21: =IF(INT(B21)=INT(C21),"Yes","No") -> No | G21: =IF(AND(INT(B21)=INT(C21), HOUR(B21)=HOUR(C21)),"Yes","No") -> No

Sheet Feedbacks
A1: cms_id | B1: feedback_at | C1: feedback_rating | D1: ticket_created_at
A2: cmP88 | B2: 44431.479 | C2: 4 | D2: =_xlfn.XLOOKUP($A2, Tickets!$E$2:$E$21, Tickets!$B$2:$B$21, "", 0) -> 44431.424
A3: cmA91 | B3: 44427.542 | C3: 5 | D3: =_xlfn.XLOOKUP($A3, Tickets!$E$2:$E$21, Tickets!$B$2:$B$21, "", 0) -> 44427.427
A4: cmZ45 | B4: 44429.458 | C4: 2 | D4: =_xlfn.XLOOKUP($A4, Tickets!$E$2:$E$21, Tickets!$B$2:$B$21, "", 0) -> 44428.681
A5: cmL90 | B5: 44429.417 | C5: 3 | D5: =_xlfn.XLOOKUP($A5, Tickets!$E$2:$E$21, Tickets!$B$2:$B$21, "", 0) -> 44429.354
A6: cmX12 | B6: 44428.5 | C6: 3 | D6: =_xlfn.XLOOKUP($A6, Tickets!$E$2:$E$21, Tickets!$B$2:$B$21, "", 0) -> 44427.375
A7: cmR66 | B7: 44432.417 | C7: 4 | D7: =_xlfn.XLOOKUP($A7, Tickets!$E$2:$E$21, Tickets!$B$2:$B$21, "", 0) -> 44431.75
A8: cmK33 | B8: 44429.5 | C8: 5 | D8: =_xlfn.XLOOKUP($A8, Tickets!$E$2:$E$21, Tickets!$B$2:$B$21, "", 0) -> 44429.462
A9: cmQ21 | B9: 44430.667 | C9: 4 | D9: =_xlfn.XLOOKUP($A9, Tickets!$E$2:$E$21, Tickets!$B$2:$B$21, "", 0) -> 44430.542
A10: cmB77 | B10: 44428.625 | C10: 5 | D10: =_xlfn.XLOOKUP($A10, Tickets!$E$2:$E$21, Tickets!$B$2:$B$21, "", 0) -> 44428.59
A11: cmN56 | B11: 44431.458 | C11: 2 | D11: =_xlfn.XLOOKUP($A11, Tickets!$E$2:$E$21, Tickets!$B$2:$B$21, "", 0) -> 44430.726
A12: cmH11 | B12: 44432.354 | C12: 4 | D12: =_xlfn.XLOOKUP($A12, Tickets!$E$2:$E$21, Tickets!$B$2:$B$21, "", 0) -> 44432.323
A13: cmD54 | B13: 44433.417 | C13: 3 | D13: =_xlfn.XLOOKUP($A13, Tickets!$E$2:$E$21, Tickets!$B$2:$B$21, "", 0) -> 44432.639
... A21: cmG66 | B21: 44437.417 | C21: 3 | D21: =_xlfn.XLOOKUP($A21, Tickets!$E$2:$E$21, Tickets!$B$2:$B$21, "", 0) -> 44436.792

Sheet Outlet
A1: outlet_id | B1: Same Day | C1: Same Hour
A2: o1 | B2: =COUNTIFS(Table1[outlet_id], A2, Table1[Same Day], "Yes") -> 4 | C2: =COUNTIFS(Table1[outlet_id], A2,Table1[Same Hour], "Yes") -> 1
A3: o2 | B3: =COUNTIFS(Table1[outlet_id], A3, Table1[Same Day], "Yes") -> 3 | C3: =COUNTIFS(Table1[outlet_id], A3,Table1[Same Hour], "Yes") -> 2
A4: o3 | B4: =COUNTIFS(Table1[outlet_id], A4, Table1[Same Day], "Yes") -> 4 | C4: =COUNTIFS(Table1[outlet_id], A4,Table1[Same Hour], "Yes") -> 3
